temperature,pressure,vibration,risk
83.37,71.88,Medium,Medium
59.69,80.47,Low,Low
85.6,136.91,Low,High
80.43,72.38,Low,Low
58.12,107.9,Low,Low
78.67,123.7,High,High
77.7,86.53,High,Medium
61.69,135.2,Low,Medium
86.89,95.52,Low,Medium
57.92,127.26,Low,Medium
50.56,77.25,Medium,Low
81.22,130.53,High,High
72.57,79.36,Medium,Medium
49.73,91.99,High,Medium
82.11,134.63,High,High
56.54,75.22,High,Medium
58.67,91.7,Low,Low
96.32,134.99,Medium,High
61.68,117.68,Medium,Medium
54.76,96.65,High,Medium
61.02,140.25,High,High
49.28,117.62,High,Medium
88.75,82.26,Medium,Medium
61.2,139.4,High,High
78.42,121.35,Low,Medium
58.74,72.41,Medium,Low
69.07,74.96,High,Medium
97.58,93.6,High,High
74.95,136.35,High,High
72.53,89.87,Low,Low
89.7,110.42,High,High
80.08,137.34,Medium,High
66.72,144.8,Low,Medium
75.57,76.82,Low,Low
96.67,81.46,Low,Medium
92.52,101.66,Low,Medium
68.09,114.69,Medium,Medium
76.75,142.83,Low,Medium
85.82,78.59,High,High
90.05,127.64,Medium,High
51.69,102.61,Medium,Low
45.19,124.16,High,High
60.8,107.54,Low,Low
75.46,77.98,High,Medium
62.91,117.92,High,Medium
56.93,98.04,Low,Low
77.36,128.4,High,High
100.11,114.92,Medium,High
46.17,139.68,Medium,Medium
59.37,88.07,High,Medium
101.82,76.42,Medium,Medium
93.96,143.35,High,High
90.95,79.63,Medium,Medium
101.81,82.38,High,High
97.35,101.74,Low,Medium
100.73,126.64,High,High
57.07,93.38,High,Medium
83.99,102.86,High,Medium
72.09,88.59,Low,Low
65.29,114.12,Low,Low
80.31,70.54,High,Medium
82.87,87.17,Low,Low
96.58,75.31,Low,Medium
61.71,106.41,High,Medium
52.94,140.16,High,High
79.57,88.22,Medium,Medium
93.45,84.28,Low,Medium
84.54,96.57,Medium,Medium
73.02,124.68,High,High
84.21,118.46,Low,Medium
69.16,95.45,Low,Low
59.92,84.27,Medium,Low
53.41,83.76,Medium,Low
59.99,139.24,Medium,Medium
93.48,134.2,Low,High
48.04,144.95,Low,Medium
103.14,139.48,Low,High
54.98,106.42,Low,Low
96.88,137.68,Low,High
67.74,143.9,Medium,Medium
100.59,128.88,Medium,High
70.38,141.8,High,High
84.71,106.5,Low,Medium
62.8,142.65,High,High
89.14,74.57,Medium,Medium
48.43,113.81,High,Medium
100.16,109.83,Low,Medium
102.65,76.01,Low,Medium
49.11,75.1,Low,Low
69.23,140.62,High,High
59.77,114.59,High,Medium
49.92,119.3,High,Medium
76.37,140.1,Low,Medium
85.18,93.56,Medium,Medium
68.75,120.38,Medium,Medium
72.43,139.68,Low,Medium
45.56,116.59,High,Medium
104.77,75.49,Low,Medium
75.35,79.93,Medium,Medium
97.85,135.95,Medium,High
62.1,102.86,High,Medium
87.21,115.88,High,High
76.74,120.09,High,High
62.96,119.75,Low,Low
60.87,136.73,High,High
78.19,90.43,High,Medium
57.64,95.72,High,Medium
83.05,89.8,Medium,Medium
60.07,138.11,Low,Medium
50.54,101.77,Medium,Low
47.65,95.02,Low,Low
83.23,89.65,High,Medium
71.51,122.93,High,High
45.58,75.64,High,Medium
99.24,110.92,Medium,High
79.95,81.11,Low,Low
47.51,97.35,Low,Low
98.94,85.76,Low,Medium
85.02,96.53,High,High
98.05,100.48,High,High
89.97,139.43,Low,High
96.88,143.22,Low,High
97.88,71.86,High,High
100.47,128.68,Medium,High
93.13,134.8,Low,High
61.01,129.05,Low,Medium
67.95,72.9,Medium,Low
58.35,131.24,Medium,Medium
65.98,131.54,Low,Medium
58.38,119.5,Medium,Medium
64.7,134.83,Medium,Medium
66.07,108.21,High,Medium
103.87,110.22,Low,Medium
51.92,142.78,Low,Medium
79.84,143.77,Low,Medium
51.5,102.59,High,Medium
92.19,102.73,High,High
51.94,137.46,Low,Medium
60.28,123.16,Low,Medium
76.2,130.49,High,High
88.17,125.65,High,High
56.82,102.35,High,Medium
100.25,116.74,High,High
95.88,123.98,Medium,High
75.43,120.02,Medium,High
69.14,92.17,Low,Low
56.51,119.87,Medium,Medium
85.64,137.71,High,High
79.15,100.46,Low,Low
63.23,85.76,High,Medium
81.4,94.17,Medium,Medium
71.53,86.03,Medium,Medium
92.62,141.99,High,High
55.18,76.36,High,Medium
84.83,116.44,Low,Medium
94.11,126.34,High,High
63.63,130.49,Low,Medium
46.47,88.36,Medium,Low
81.68,127.64,Medium,High
69.87,117.23,Low,Low
88.1,98.8,Medium,Medium
59.64,119.2,Low,Low
98.56,134.53,Low,High
91.71,86.41,High,High
76.08,73.77,Low,Low
100.05,79.1,Low,Medium
93.08,120.07,High,High
80.73,141.25,Medium,High
81.76,123.95,High,High
70.6,138.01,Medium,High
98.83,125.77,Medium,High
72.0,126.38,High,High
61.64,128.33,Medium,Medium
82.6,90.59,Low,Low
87.81,87.59,Medium,Medium
64.18,110.51,Low,Low
54.05,98.73,Low,Low
87.39,74.82,Medium,Medium
64.85,104.94,Low,Low
57.41,101.51,High,Medium
101.76,71.46,High,High
67.82,70.44,Medium,Low
62.92,99.25,Medium,Low
77.29,125.1,High,High
98.87,106.62,Medium,High
71.15,72.18,Medium,Medium
85.13,129.86,High,High
54.9,105.05,Low,Low
103.84,110.06,Medium,High
80.51,119.72,Low,Medium
83.56,80.18,Medium,Medium
55.9,89.51,Medium,Low
57.7,94.51,Medium,Low
61.7,141.34,Medium,Medium
60.14,76.14,Low,Low
89.94,73.91,Medium,Medium
58.45,75.15,High,Medium
47.42,72.33,Low,Low
56.96,71.53,Low,Low
59.31,105.52,Low,Low
78.84,86.35,High,Medium
60.37,97.67,High,Medium
81.43,126.09,Low,Medium
91.67,82.28,Medium,Medium
51.49,71.93,Medium,Low
79.55,138.1,Medium,High
68.8,123.63,Low,Medium
80.53,132.29,Low,Medium
51.11,127.94,High,High
81.02,79.08,High,Medium
91.96,96.04,Medium,Medium
84.69,75.17,High,Medium
65.47,133.72,Medium,Medium
51.33,142.06,High,High
98.49,104.48,Low,Medium
71.13,125.03,High,High
61.2,130.61,High,High
91.48,104.87,High,High
80.55,94.17,Low,Low
94.84,76.5,Medium,Medium
59.63,104.85,High,Medium
85.09,95.23,Medium,Medium
96.06,83.64,Low,Medium
66.29,89.38,Medium,Low
97.82,122.59,Medium,High
78.35,108.75,Low,Medium
50.14,124.01,Medium,Medium
78.31,88.02,Medium,Medium
83.75,106.81,Low,Medium
50.58,86.62,High,Medium
59.6,119.8,Medium,Medium
73.4,109.82,Medium,Medium
104.8,111.28,Medium,High
87.17,90.32,Medium,Medium
58.83,124.1,Medium,Medium
52.17,110.19,High,Medium
56.11,86.23,Medium,Low
61.59,114.22,High,Medium
80.81,143.54,Low,Medium
62.77,97.07,Medium,Low
45.85,110.06,Medium,Medium
47.73,74.09,Medium,Low
86.85,79.47,Medium,Medium
51.16,70.92,Medium,Low
73.16,103.04,Low,Low
102.93,88.94,Medium,Medium
51.85,74.9,Medium,Low
49.44,117.21,Low,Low
54.1,130.84,Medium,Medium
50.11,88.61,High,Medium
90.87,115.47,High,High
58.54,109.19,Medium,Medium
99.51,92.3,High,High
104.4,92.9,High,High
48.61,142.01,Low,Medium
101.86,85.58,Low,Medium
60.88,76.09,Low,Low
55.43,75.63,Low,Low
69.51,121.7,Medium,Medium
62.48,87.36,High,Medium
61.96,134.47,Low,Medium
86.24,139.29,High,High
80.39,130.29,Low,Medium
70.51,110.84,High,High
53.94,89.92,Low,Low
49.28,82.44,Medium,Low
80.7,131.82,Medium,High
71.35,105.15,Medium,Medium
86.98,140.7,High,High
77.4,102.83,High,Medium
47.39,102.4,Medium,Low
81.22,71.94,Low,Low
102.71,132.7,High,High
80.23,71.56,High,Medium
94.29,113.22,Low,Medium
73.23,118.86,Medium,Medium
55.89,113.9,High,Medium
93.85,142.68,Medium,High
65.88,95.0,High,Medium
51.28,82.06,Medium,Low
86.62,91.62,Medium,Medium
93.81,111.26,Medium,High
50.28,88.93,Low,Low
103.21,100.31,High,High
94.5,70.09,High,High
72.72,74.07,High,Medium
66.71,126.73,High,High
71.52,73.87,Medium,Medium
77.95,139.58,Medium,High
97.85,106.35,Low,Medium
103.39,115.67,Low,Medium
87.59,93.31,Low,Medium
78.14,76.99,Low,Low
72.69,78.81,Low,Low
74.9,123.75,High,High
87.32,101.16,Medium,Medium
103.81,88.28,High,High
53.68,84.3,High,Medium
75.49,135.95,Low,Medium
61.57,129.25,Medium,Medium
65.39,129.08,Medium,Medium
94.23,91.21,Medium,Medium
95.25,113.49,High,High
74.38,81.14,High,Medium
74.06,94.93,High,Medium
67.63,139.96,Low,Medium
103.85,87.91,Medium,Medium
59.01,128.17,Low,Medium
64.09,105.47,Medium,Medium
68.16,119.78,High,Medium
103.85,107.15,Low,Medium
52.57,142.4,Medium,Medium
97.18,135.56,Medium,High
50.98,138.28,Low,Medium
88.35,100.75,High,High
103.2,75.61,Medium,Medium
65.31,121.95,High,High
49.82,94.64,High,Medium
96.56,98.5,Medium,Medium
82.61,136.56,Medium,High
97.34,72.69,Low,Medium
59.09,121.33,Medium,Medium
104.85,126.01,Medium,High
103.7,127.03,High,High
97.35,103.28,High,High
62.97,72.17,Medium,Low
92.77,92.0,Medium,Medium
70.84,88.31,Medium,Medium
78.96,129.44,Low,Medium
55.5,115.71,Medium,Medium
82.18,88.06,High,Medium
53.59,104.59,Medium,Low
72.57,120.01,Medium,High
99.07,120.82,Low,High
49.43,140.89,High,High
62.95,142.15,High,High
60.01,133.4,Low,Medium
104.96,134.0,Low,High
59.23,112.89,High,Medium
62.75,122.45,Low,Medium
103.68,119.37,Medium,High
45.49,134.88,High,High
103.42,138.3,High,High
74.8,137.81,Medium,High
91.54,87.26,Medium,Medium
58.14,84.26,Medium,Low
85.67,124.07,High,High
85.85,80.26,Low,Medium
99.2,118.48,Medium,High
92.32,72.5,Medium,Medium
88.94,76.76,Medium,Medium
64.6,101.16,Low,Low
52.93,110.46,Medium,Medium
76.85,138.51,Low,Medium
60.42,131.85,Medium,Medium
103.04,92.14,Medium,Medium
93.25,105.12,Low,Medium
53.45,142.49,High,High
88.45,143.5,High,High
66.95,129.3,Low,Medium
60.87,79.27,Medium,Low
85.37,120.43,High,High
67.86,117.89,Medium,Medium
51.5,87.54,Low,Low
82.17,140.74,Medium,High
99.92,86.6,Low,Medium
83.12,104.82,High,Medium
63.13,100.62,Low,Low
47.72,72.79,Medium,Low
51.97,87.61,High,Medium
53.14,104.02,High,Medium
101.96,122.24,High,High
70.15,125.67,Low,Medium
98.12,119.12,Medium,High
81.94,140.43,Medium,High
46.96,97.79,Medium,Low
71.68,87.71,Medium,Medium
50.96,121.43,High,High
99.1,118.36,Low,Medium
68.89,84.24,Low,Low
101.94,131.81,Low,High
84.77,118.13,High,High
103.27,73.79,Medium,Medium
59.61,79.44,High,Medium
57.31,132.24,High,High
57.43,86.2,Low,Low
64.71,81.07,High,Medium
45.17,134.38,Low,Medium
104.25,110.52,Low,Medium
51.6,134.98,Low,Medium
45.89,129.25,Low,Medium
80.33,71.18,Medium,Medium
48.14,125.63,High,High
51.82,74.77,Medium,Low
91.68,108.49,Low,Medium
72.12,86.62,High,Medium
47.6,128.74,High,High
76.29,104.35,Low,Low
48.65,105.92,Medium,Medium
70.58,78.1,High,Medium
99.58,75.51,Low,Medium
64.33,81.13,Low,Low
61.5,117.48,High,Medium
87.73,98.57,High,High
76.83,104.03,High,Medium
70.81,129.48,Low,Medium
96.17,118.82,High,High
88.25,86.13,Medium,Medium
98.29,101.04,Medium,Medium
68.92,124.72,Medium,Medium
70.61,119.88,Medium,Medium
102.22,121.51,Medium,High
49.03,132.38,Low,Medium
70.91,125.84,Medium,High
93.71,111.73,High,High
102.4,112.13,High,High
52.33,96.52,High,Medium
101.47,101.72,High,High
48.09,91.57,Medium,Low
66.1,113.34,Low,Low
54.28,106.16,Low,Low
66.01,111.72,Low,Low
90.76,113.06,Medium,High
95.71,143.09,High,High
81.81,118.2,Low,Medium
81.54,119.34,High,High
61.05,83.53,High,Medium
90.74,139.12,Medium,High
45.37,135.24,High,High
84.44,75.22,High,Medium
82.99,72.3,High,Medium
76.83,98.21,Medium,Medium
65.45,97.75,High,Medium
64.46,140.61,High,High
50.1,73.95,Low,Low
90.27,73.73,Low,Medium
61.33,119.65,Medium,Medium
81.42,101.06,Low,Low
90.3,78.54,Medium,Medium
51.65,120.87,High,High
74.2,120.03,Low,Medium
58.23,143.83,Low,Medium
45.46,92.61,Low,Low
91.04,127.31,Medium,High
64.69,70.58,High,Medium
70.84,79.69,High,Medium
87.22,107.52,High,High
93.37,75.41,High,High
47.54,71.41,Low,Low
96.73,113.18,High,High
69.27,118.01,Medium,Medium
51.91,71.56,Medium,Low
55.31,141.07,Medium,Medium
94.92,138.98,Low,High
71.2,77.94,Medium,Medium
80.33,109.3,Medium,Medium
97.23,125.94,Low,High
64.98,82.61,High,Medium
82.99,109.8,Low,Medium
99.36,96.2,High,High
102.49,118.41,Low,Medium
59.18,80.98,Low,Low
55.41,81.47,High,Medium
49.52,141.35,High,High
74.65,126.58,High,High
71.93,139.31,High,High
83.58,143.99,Medium,High
96.85,117.04,Low,Medium
71.39,105.17,High,High
63.17,90.6,Low,Low
66.12,75.56,Medium,Low
72.11,74.27,Medium,Medium
49.6,134.82,Low,Medium
81.9,108.03,Medium,Medium
79.82,141.57,High,High
98.75,103.73,High,High
84.11,94.11,Medium,Medium
75.08,141.83,Medium,High
51.21,137.43,Medium,Medium
103.94,76.32,High,High
55.35,88.58,Medium,Low
104.46,109.31,High,High
54.52,97.96,Medium,Low
68.24,128.08,High,High
80.87,129.19,High,High
65.08,94.73,High,Medium
85.7,91.31,High,High
96.09,142.33,High,High
97.4,95.0,High,High
84.82,138.76,Medium,High
103.06,122.39,Medium,High
52.74,123.16,Low,Medium
63.57,98.25,Medium,Low
93.79,120.26,High,High
104.83,138.43,Low,High
83.76,101.76,Medium,Medium
46.09,93.16,Low,Low
65.5,127.46,Low,Medium
58.59,80.32,Low,Low
62.75,129.11,High,High
91.25,132.63,High,High
47.26,95.26,High,Medium
52.86,98.25,Low,Low
55.85,121.96,High,High
93.54,82.42,Medium,Medium
47.62,97.32,High,Medium
59.25,103.31,Medium,Low
90.14,128.79,Low,High
77.04,93.21,Medium,Medium
99.24,84.55,High,High
101.83,143.83,Medium,High
91.17,128.36,High,High
76.65,142.47,Low,Medium
93.08,80.38,Medium,Medium
48.13,106.04,Medium,Medium
78.27,77.69,High,Medium
96.07,91.38,Low,Medium
61.37,137.9,Low,Medium
94.86,76.88,Low,Medium
94.0,136.35,Low,High
69.89,99.73,Medium,Low
59.15,144.59,Medium,Medium
58.47,93.9,Low,Low
95.35,118.75,Low,Medium
53.26,91.52,Medium,Low
86.76,80.41,High,High
73.15,116.15,Low,Medium
46.14,86.17,Low,Low
77.93,124.54,High,High
70.4,128.21,Low,Medium
63.07,73.58,Medium,Low
83.34,116.71,Low,Medium
51.65,137.89,High,High
77.16,117.4,High,High
59.52,80.77,Medium,Low
45.09,96.46,High,Medium
69.99,119.83,Low,Low
76.41,97.05,High,Medium
77.64,128.98,High,High
78.25,99.28,Medium,Medium
47.61,99.02,Medium,Low
60.22,71.22,Low,Low
65.69,124.97,High,High
51.22,113.64,Medium,Medium
53.0,96.42,Medium,Low
93.81,83.13,High,High
72.88,122.15,High,High
55.94,80.11,High,Medium
91.57,104.33,Medium,Medium
57.1,129.33,Low,Medium
63.94,93.26,Medium,Low
104.35,110.73,Medium,High
47.2,118.52,Medium,Medium
66.42,128.56,High,High
64.92,79.34,Medium,Low
71.22,100.0,Medium,Medium
98.68,99.0,Low,Medium
74.77,107.31,High,High
61.0,76.2,Medium,Low
49.74,115.18,Low,Low
77.73,94.09,Low,Low
64.68,92.17,Medium,Low
81.16,101.96,High,Medium
71.63,103.53,High,Medium
97.2,96.44,Medium,Medium
61.47,143.5,Low,Medium
49.5,117.81,Medium,Medium
75.79,126.24,Low,Medium
102.17,80.71,High,High
85.69,102.86,Low,Medium
49.03,128.39,Medium,Medium
66.73,141.21,Low,Medium
81.31,120.93,Medium,High
67.32,127.23,High,High
53.26,97.52,Medium,Low
83.97,88.72,Low,Low
46.55,83.95,High,Medium
68.22,112.13,Medium,Medium
91.5,122.8,Low,High
104.78,91.42,Medium,Medium
57.01,80.18,Low,Low
72.12,137.4,Medium,High
104.84,130.79,Medium,High
85.07,123.22,High,High
77.53,136.85,Low,Medium
87.71,139.55,High,High
55.45,97.11,Low,Low
52.28,85.07,Low,Low
59.2,107.05,Medium,Medium
78.24,97.67,High,Medium
52.79,136.32,Low,Medium
63.56,144.97,High,High
73.72,100.81,Medium,Medium
94.4,75.53,Medium,Medium
83.54,103.75,High,Medium
76.04,79.63,High,Medium
83.39,83.65,Low,Low
70.96,138.3,Low,Medium
94.88,108.86,Medium,High
54.88,94.2,High,Medium
